GlobalId,IfcType,Name,Text,ClassificationSystem,ClassificationCode
1iXqOKn4z17Aflw5Qn1m$o,IFCWALL,SZ1,"SZ1 — Renovation Status: New; Bezwzględny poziom wzniesienia góry: Poziom +1; CCS - R1 (English version): [L]B Wall system; Funkcja konstrukcyjna: Niezdefiniowana; Geometria: Jednakowy; Hotlink i ID elementu: SZ1; ID Elementu: SZ1; ID nadrzędne: SZ1; IFC ID ARCHICADa: 1iXqOKn4z17Aflw5Qn1m$o; Kąt nachylenia: 90; Kąt nachylenia ściany na zewnątrz: 90; Kąt nachylenia ściany wewnątrz: 90; Klasyfikacja ARCHICAD - 22: Ściana; Materiał budowlany: ----KONSTRUKCYJNE; Materiał budowlany / struktura warstwowa / profil / wypełnienie: ----KONSTRUKCYJNE; Materiały budowlane (wszystkie): ----KONSTRUKCYJNE; Nazwa kondygnacji macierzystej: Poziom 0; Nr kondygnacji macierzystej: 0; Położenie: Niezdefiniowane; Położenie linii odniesienia: Na zewnątrz; Poziom wzniesienia góry: Własna + 1 (Poziom +1); Status przebudowy: Projektowane; Typ: Ściana; Typ konstrukcji: Podstawowe; Uniclass 2015 - January 2022: EF_25_10 Walls; Unikalne ID: 6C874614-C44F-411C-AA6F-E856B1070FF2; Warstwa: 220-A Ściany; Widoczność w etapach przebudowy: Pokaż we wszystkich powiązanych etapach przebudowy; Wykończenia (wszystkie): Farba - Jasna szarość; Wykończenie krawędzi: Farba - Jasna szarość; Wykończenie powierzchni wewnętrznej: Farba - Jasna szarość; Wykończenie powierzchni zewnętrznej: Farba - Jasna szarość; Względny poziom wzniesienia góry: Własna + 1; Zablokowane: 0; Złożoność ściany: Pionowa; Łączna długość drzwi: 0; Łączna długość okien: 0; Analityczna objętość otworów: 0; Analityczna powierzchnia otworów po stronie wewnętrznej: 0; Analityczna powierzchnia otworów po stronie zewnętrznej: 0; Długość 3D: 2.15; Długość linii odniesienia: 2.15; Długość ściany po stronie wewnętrznej: 1.9; Długość ściany po stronie zewnętrznej: 2.15; Długość ściany w osi: 2.025; Grubość: 0.25; Grubość końcowa ściany: 0.25; Grubość pustki powietrznej: 0; Grubość warstwy ocieplenia: 0; Grubość warstwy po stronie wewnętrznej: 0; Grubość warstwy po stronie zewnętrznej: 0; Liczba drzwi: 0; Liczba okien: 0; Liczba otworów (liczba pustych otworów): 0; Liczba słupów: 0; Maksymalna wysokość warstwy ściany po stronie wewnętrznej: 0; Maksymalna wysokość warstwy ściany po stronie zewnętrznej: 0; Maksymalna wysokość ściany: 3.6; Minimalna wysokość warstwy ściany po stronie wewnętrznej: 0; Minimalna wysokość warstwy ściany po stronie zewnętrznej: 0; Minimalna wysokość ściany: 0; Objętość brutto: 1.935; Objętość netto: 1.935; Objętość słupów: 0; Obwód na rzucie: 4.65355339059; Odsunięcie względem własnej kondygnacji: 0; Odsunięcie wzniesienia góry: -0.3; Pole powierzchni ściany: 0.50625; Pomniejszona długość po stronie wewnętrznej: 1.9; Pomniejszona długość po stronie zewnętrznej: 2.15; Pomniejszona objętość: 1.935; Pomniejszona powierzchnia po stronie wewnętrznej: 7.74; Pomniejszona powierzchnia po stronie zewnętrznej: 7.74; Powierzchnia: 0.50625; Powierzchnia brutto ściany po stronie wewnętrznej: 7.74; Powierzchnia brutto ściany po stronie zewnętrznej: 7.74; Powierzchnia drzwi: 0; Powierzchnia netto krawędzi: 1.975; Powierzchnia netto po stronie wewnętrznej: 7.74; Powierzchnia netto po stronie zewnętrznej: 7.74; Powierzchnia okien: 0; Powierzchnia pustych otworów w ścianie: 0; Szerokość: 0.25; Wysokość: 3.6; Wzniesienie do zera projektu: 0; Wzniesienie nad poziom morza: 0; Wzniesienie względem kondygnacji elementu: 0; Wzniesienie względem: Drugi poziom odniesienia: -0.1; Wzniesienie względem: Pierwszy poziom odniesienia: 1.2; Średnia długość ściany: 2.025; GrossFootprintArea: 0.50625; GrossSideArea: 7.74; GrossVolume: 1.935; Height: 3.6; Length: 2.025; NetFootprintArea: 0.50625; NetSideArea: 7.74; NetVolume: 1.935; Width: 0.25; Ciężar: 0; Grubość otuliny: 0; Klasa betonu: -; Klasa drewna: -; Klasa stali: -; Technologia: -; Typ konstrukcji: -; Izolacyjność akustyczna: 0; Współczynnik U: 0; Email: -; Osoba odpowiedzialna: -; Specjalność: -; Strona internetowa: -; Telefon: -; Klasa odporności ogniowej: -; ConcreteCoverAtMainBars: 0; ConstructionType: -; FireRating: -; FireResistanceRating: -; ElementWeight: 0; AcousticRating: 0,00; FireRating: -; ThermalTransmittance: 0; Project: PROJEKT; Building: Budynek; Storey: Poziom 0; Top Elevation: 3.6; Bottom Elevation: 0; Global Top Elevation: 3.6; Global Bottom Elevation: 0; Has Own Geometry: 1; Children Have Geometry: 0; Global X: 0.25; Global Y: 14.6; Global Z: 0; Bounding Box Length: 0.25; Bounding Box Width: 2.15; Bounding Box Height: 3.6; Layer: 220-A Ściany",Uniclass 2015,EF_25_10
0ref1xZSbESRxnXlPr5A_Q,IFCCOLUMN,S1,S1 — Renovation Status: New; Bezwzględny poziom wzniesienia góry: Poziom +1; CCS - R1 (English version): [L]ULD Column; Funkcja konstrukcyjna: Niezdefiniowana; Hotlink i ID elementu: S1; ID Elementu: S1; ID nadrzędne: S1; IFC ID ARCHICADa: 0ref1xZSbESRxnXlPr5A_Q; Kąt nachylenia: 90; Kąt nachylenia słupa: 90; Klasyfikacja ARCHICAD - 22: Słup; Materiał budowlany: ----PREFABRYKATY; Materiał budowlany / struktura warstwowa / profil / wypełnienie: ----PREFABRYKATY; Materiały budowlane (wszystkie): ----PREFABRYKATY; Nazwa kondygnacji macierzystej: Poziom 0; Nr kondygnacji macierzystej: 0; OmniClass - (OCCS): 21-03 10 Interior Construction; Położenie: Niezdefiniowane; Poziom wzniesienia góry: Własna + 1 (Poziom +1); Przekrój słupa: Prostokątna; Status przebudowy: Projektowane; Typ: Słup; Typ konstrukcji: Podstawowe; Uniclass 2015 - January 2022: Ss_20_30 Structural columns; Unikalne ID: 35A2907B-8DC9-4E71-BEF1-86F67514AF9A; Warstwa: 430-K Słupy; Widoczność w etapach przebudowy: Pokaż we wszystkich powiązanych etapach przebudowy; Wykończenia (wszystkie): Farba - Biel tytanowa; Wykończenie: Farba - Biel tytanowa; Względny poziom wzniesienia góry: Własna + 1; Zablokowane: 0; Długość 3D: 3.8; Maksymalna wysokość słupa: 3.8; Minimalna wysokość słupa: 3.8; Objętość brutto: 0.2375; Objętość brutto okładziny: 0; Objętość brutto rdzenia: 0.2375; Objętość netto: 0.2375; Objętość netto okładziny: 0; Objętość netto rdzenia: 0.2375; Obwód prostokąta profilu słupa: 1; Odsunięcie względem własnej kondygnacji: -0.2; Odsunięcie wzniesienia góry: -0.3; Pole brutto górnej (lub dolnej) powierzchni okładziny: 0; Pole brutto górnej (lub dolnej) powierzchni rdzenia: 0.0625; Pole netto dolnej powierzchni okładziny: 0; Pole netto dolnej powierzchni rdzenia: 0.0625; Pole netto górnej powierzchni okładziny: 0; Pole netto górnej powierzchni rdzenia: 0.0625; Pole powierzchni słupa: 0.0625; Powierzchnia: 0.0625; Powierzchnia netto rdzenia (bez górnej/dolnej): 3.8; Powierzchnia okładziny: 0; Powierzchnia okładziny brutto (bez górnej/dolnej): 0; Powierzchnia rdzenia brutto (bez górnej/dolnej): 3.8; Szerokość: 0.25; Wymiar 1 rdzenia/średnica: 0.25; Wymiar 2 rdzenia: 0.25; Wysokość: 3.8; Wzniesienie do zera projektu: -0.2; Wzniesienie nad poziom morza: -0.2; Wzniesienie względem kondygnacji elementu: -0.2; Wzniesienie względem: Drugi poziom odniesienia: -0.3; Wzniesienie względem: Pierwszy poziom odniesienia: 1; CrossSectionArea: 0.0625; Depth: 0.25; GrossSurfaceArea: 3.925; GrossVolume: 0.2375; Length: 3.8; NetVolume: 0.2375; OuterSurfaceArea: 3.8; TotalSurfaceArea: 3.925; Width: 0.25; Ciężar: 0; Grubość otuliny: 0; Klasa betonu: -; Klasa drewna: -; Klasa stali: -; Technologia: -; Typ konstrukcji: -; Email: -; Osoba odpowiedzialna: -; Specjalność: -; Strona internetowa: -; Telefon: -; Klasa odporności ogniowej: -; Reference: ----PREFABRYKATY 250 x 250; ConcreteCoverAtMainBars: 0; ConstructionType: -; FireRating: -; FireResistanceRating: -; ElementWeight: 0; Project: PROJEKT; Building: Budynek; Storey: Poziom 0; Top Elevation: 3.6; Bottom Elevation: -0.199999999999999; Global Top Elevation: 3.6; Global Bottom Elevation: -0.199999999999999; Has Own Geometry: 1; Children Have Geometry: 0; Global X: 0.25; Global Y: 10.3; Global Z: -0.199999999999999; Bounding Box Length: 0.25; Bounding Box Width: 0.25; Bounding Box Height: 3.8; Layer: 430-K Słupy,Uniclass 2015,Ss_20_30
0zM8mWnon67BszuE8pp38x,IFCCURTAINWALL,SK1,SK1 — Renovation Status: New; CCS - R1 (English version): [L]B Wall system; Funkcja konstrukcyjna: Niezdefiniowana; Hotlink i ID elementu: SK1; ID Elementu: SK1; ID nadrzędne: SK1; IFC ID ARCHICADa: 0zM8mWnon67BszuE8pp38x; Kąt nachylenia: 90; Kąt nachylenia przegrody na zewnątrz: 90; Kąt wzoru: 90; Klasyfikacja ARCHICAD - 22: Ściana kurtynowa; Materiały budowlane (wszystkie): Stal konstrukcyjna; Szkło struktualne; Nazwa kondygnacji macierzystej: Poziom 0; Nr kondygnacji macierzystej: 0; OmniClass - (OCCS): 21-02 20 10 Exterior Walls; Położenie: Niezdefiniowane; Status przebudowy: Projektowane; Typ: Przegroda strukturalna; Uniclass 2015 - January 2022: Ss_25_12 Panel wall structure systems; Unikalne ID: 3D588C20-C72C-461C-BDBD-E0E233CC323B; Warstwa: 290-A Ściany kurtynowe; Widoczność w etapach przebudowy: Pokaż we wszystkich powiązanych etapach przebudowy; Wykończenia (wszystkie): Metal - Stal; Szkło - Czyste Szybkie; Zablokowane: 0; Całkowita długość profili: -1; Całkowita długość profili obwodowych: -1; Całkowita długość własnych profili: -1; Całkowita powierzchnia paneli: 421.28314785; Całkowita powierzchnia paneli o orientacji PD: 163.845860063; Całkowita powierzchnia paneli o orientacji PD-Z: 0; Całkowita powierzchnia paneli o orientacji PN: 140.275460582; Całkowita powierzchnia paneli o orientacji PN-Z: 0; Całkowita powierzchnia paneli o orientacji południowo-wschodniej: 0; Całkowita powierzchnia paneli o orientacji północno-wschodniej: 0; Całkowita powierzchnia paneli o orientacji wschodniej: 50.8693803803; Całkowita powierzchnia paneli o orientacji Z: 66.2924468244; Długość: 117.875166766; Grubość: 0.3; Liczba paneli: 87; Odsunięcie względem własnej kondygnacji: -1.00800758629E-07; Powierzchnia: 677.782198093; Powierzchnia wraz z obrysem: 683.814228559; Sumaryczna długość profili drugiego kierunku siatki: -1; Sumaryczna długość profili pierwszego kierunku siatki: 8.59681297156; Wysokość: 5.75000002198; Wzniesienie do zera projektu: -1.00800758629E-07; Wzniesienie nad poziom morza: -1.00800758629E-07; Wzniesienie względem kondygnacji elementu: -1.00800758629E-07; Wzniesienie względem: Drugi poziom odniesienia: -0.100000100801; Wzniesienie względem: Pierwszy poziom odniesienia: 1.1999998992; GrossSideArea: 677.782198093; Height: 5.75000002198; Length: 117.875166766; NetSideArea: 677.782198093; Width: 0.3; Izolacyjność akustyczna: 0; Współczynnik U: 0; Email: -; Osoba odpowiedzialna: -; Specjalność: -; Strona internetowa: -; Telefon: -; Dymoszczelność: -; Klasa odporności ogniowej: -; Klasyfikacja ogniowa: -; Palność: 0; FireRating: -; AcousticRating: -; Combustible: 0; FireRating: -; ThermalTransmittance: 0; FireResistanceRating: -; IsCombustible: 0; Materiał paneli: -; Materiał profili: -; Szkło hartowane: 0; Szkło laminowane: 0; Szkło powlekane: 0; Szkło zbrojone: 0; Project: PROJEKT; Building: Budynek; Storey: Poziom 0; Top Elevation: 5.40357379018953; Bottom Elevation: -0.0500001008007587; Global Top Elevation: 5.40357379018953; Global Bottom Elevation: -0.0500001008007587; Has Own Geometry: 0; Children Have Geometry: 1; Global X: -0.0646263563120186; Global Y: -0.145593343088001; Global Z: -0.0500001008007587; Bounding Box Length: 42.774066917007; Bounding Box Width: 17.19559334428; Bounding Box Height: 5.45357389099028,Uniclass 2015,Ss_25_12
3vo48kV4b1MQvxT$C2APPu,IFCSTAIR,SCH1,SCH1 — Renovation Status: Existing; Bezwzględny poziom wzniesienia góry: Poziom +1; CCS - R1 (English version): Construction Elements - Functional Systems; Domyślny kąt nachylenia podstopnicy: 90; Funkcja konstrukcyjna: Element nienośny; Hotlink i ID elementu: SCH1; ID Elementu: SCH1; ID nadrzędne: SCH1; IFC ID ARCHICADa: 3vo48kV4b1MQvxT$C2APPu; Klasyfikacja ARCHICAD - 22: Schody; Materiały budowlane (wszystkie): Żelbet monolityczny; Nachylenie: 30.0831278644; Nazwa kondygnacji macierzystej: Poziom 0; Nr kondygnacji macierzystej: 0; OmniClass - (OCCS): 21-03 10 Interior Construction; Położenie: Wnętrze; Poziom wzniesienia góry: Własna + 1 (Poziom +1); Status przebudowy: Istniejące; Typ: Schody; Uniclass 2015 - January 2022: EF_35_10_40 Internal stairs; Unikalne ID: F9C8422E-7C49-4159-AE7B-77F302299678; Warstwa: 250-A Schody Pochylnie; Widoczność w etapach przebudowy: Pokaż we wszystkich powiązanych etapach przebudowy; Wykończenia (wszystkie): Beton - 04; Farba - Biel tytanowa; Względny poziom wzniesienia góry: Własna + 1; Zablokowane: 0; Długość linii biegu: 6.73242153072; Domyślna głębokość stopni: 0.292713979596; Domyślna szerokość schodów: 2; Domyślna wysokość stopnia: 0.169565217391; Liczba stopni (całkowita): 23; Liczba stopni w każdym biegu: 23; Liczba stopnic (całkowita): 23; Liczba stopnic w każdym biegu: 23; Maksymalna głębokość stopnia (w/g reguły): 0.35; Maksymalna wysokość stopnia (w/g reguły): 0.2; Minimalna głębokość stopnia (w/g reguły): 0.29; Minimalna wysokość stopnia (w/g reguły): 0.15; Objętość netto: 3.05075923332; Odsunięcie względem własnej kondygnacji: 0; Odsunięcie wzniesienia góry: 0; Powierzchnia: 13.4648433387; Powierzchnia przodu schodów: 8.95; Wysokość: 3.9; Wysokość przestrzeni bezpiecznej: 2.2; Wzniesienie do zera projektu: 0; Wzniesienie nad poziom morza: 0; Wzniesienie względem kondygnacji elementu: 0; Wzniesienie względem: Drugi poziom odniesienia: -0.1; Wzniesienie względem: Pierwszy poziom odniesienia: 1.2; GrossVolume: 3.05075923332; Height: 3.9; Length: 6.73242153072; NetVolume: 3.05075923332; Ciężar: 0; Grubość otuliny: 0; Klasa betonu: -; Klasa drewna: -; Klasa stali: -; Technologia: -; Typ konstrukcji: -; Antypoślizgowość: 0; Antystatyczność: 0; Materiał: -; Ścieralność: -; Email: -; Osoba odpowiedzialna: -; Specjalność: -; Strona internetowa: -; Telefon: -; Klasa odporności ogniowej: -; Klasyfikacja ogniowa: -; ConcreteCoverAtMainBars: 0; ConstructionType: -; FireRating: -; FireResistanceRating: -; ElementWeight: 0; FireRating: -; HasNonSkidSurface: 0; IsExternal: 0; NumberOfRiser: 23; NumberOfTreads: 23; RequiredHeadroom: 2.2; RiserHeight: 0.169565217391; Project: PROJEKT; Building: Budynek; Storey: Poziom 0; Top Elevation: 3.9; Bottom Elevation: -0.15; Global Top Elevation: 3.9; Global Bottom Elevation: -0.15; Has Own Geometry: 0; Children Have Geometry: 1; Global X: 19.75; Global Y: 3.81757846928; Global Z: -0.15; Bounding Box Length: 2; Bounding Box Width: 6.73242153072; Bounding Box Height: 4.05,Uniclass 2015,EF_35_10_40
39aoUwyvH3aBqT6fn2tKna,IFCSLAB,DA1,"DA1 — Renovation Status: New; Bryła docinania: Według obrysu; CCS - R1 (English version): [L]C Structural floor system; Funkcja konstrukcyjna: Element nienośny; Geometria: Jednopołaciowy; Hotlink i ID elementu: DA1; ID Elementu: DA1; ID nadrzędne: DA1; IFC ID ARCHICADa: 39aoUwyvH3aBqT6fn2tKna; Klasyfikacja ARCHICAD - 22: Strop; Materiał budowlany: ----KONSTRUKCYJNE; Materiał budowlany / struktura warstwowa / profil / wypełnienie: ----KONSTRUKCYJNE; Materiały budowlane (wszystkie): ----KONSTRUKCYJNE; Nachylenie: 10; Nazwa kondygnacji macierzystej: Poziom +1; Nr kondygnacji macierzystej: 1; OmniClass - (OCCS): 21-03 10 Interior Construction; Położenie: Zewnętrze; Poziom dachu: 1; Status przebudowy: Projektowane; Typ: Dach; Typ konstrukcji: Podstawowe; Uniclass 2015 - January 2022: EF_30_20 Floors; Unikalne ID: C99327BA-F394-4390-BD1D-1A9C42DD4C64; Warstwa: 280-A Dachy Powłoki; Widoczność w etapach przebudowy: Pokaż we wszystkich powiązanych etapach przebudowy; Wykończenia (wszystkie): Farba - Jasna szarość; Wykończenie krawędzi: Farba - Jasna szarość; Wykończenie spodu: Farba - Jasna szarość; Wykończenie wierzchu: Farba - Jasna szarość; Wypełnienie kryjące: 25 %; Zablokowane: 0; Długość kalenicy: 0; Długość koszy: 0; Długość krawężnic: 0; Długość naroży: 0; Długość okapów: 0; Długość połączenia kopuły: 0; Długość połączenia otworu: 0; Długość połączenia ze ścianą boczną: 0; Długość połączenia ze ścianą szczytową: 0; Długość szczytów: 0; Grubość: 0.06; Liczba otworów: 0; Liczba świetlików: 0; Odsunięcie względem własnej kondygnacji: -0.3; Pole brutto powierzchni krawędzi dachu: 3.13823593101; Pomniejszona powierzchnia góry: 166.374679073; Pomniejszona powierzchnia spodu: 166.374679082; Powierzchnia: 166.374679073; Powierzchnia brutto góry: 166.374679073; Powierzchnia brutto spodu: 166.374679082; Powierzchnia netto góry: 166.374679073; Powierzchnia netto krawędzi: 3.13823593101; Powierzchnia netto spodu: 166.374679082; Powierzchnia otworów: 0; Wysokość: 0.06; Wysokość okapu: 0.0609255967131; Wzniesienie do zera projektu: 3.6; Wzniesienie nad poziom morza: 3.6; Wzniesienie względem kondygnacji elementu: -0.3; Wzniesienie względem: Drugi poziom odniesienia: 3.5; Wzniesienie względem: Pierwszy poziom odniesienia: 4.8; GrossArea: 166.374679073; GrossVolume: 9.98248067647; NetArea: 166.374679073; NetVolume: 9.98248067647; Perimeter: 51.863227057; Width: 0.06; Ciężar: 0; Grubość otuliny: 0; Klasa betonu: -; Klasa drewna: -; Klasa stali: -; Technologia: -; Typ konstrukcji: -; Antypoślizgowość: 0; Antystatyczność: 0; Materiał: -; Ścieralność: -; Izolacyjność akustyczna: 0; Współczynnik U: 0; Email: -; Osoba odpowiedzialna: -; Specjalność: -; Strona internetowa: -; Telefon: -; Klasa odporności ogniowej: -; ConcreteCoverAtMainBars: 0; ConstructionType: -; FireRating: -; FireResistanceRating: -; ElementWeight: 0; AcousticRating: 0,00; FireRating: -; IsExternal: 1; LoadBearing: 0; ThermalTransmittance: 0; Project: PROJEKT; Building: Budynek; Storey: Poziom +1; Top Elevation: 5.68352348845068; Bottom Elevation: 3.6; Global Top Elevation: 5.68352348845068; Global Bottom Elevation: 3.6; Has Own Geometry: 1; Children Have Geometry: 0; Global X: -0.0587817181840009; Global Y: -1.04177631670142; Global Z: 3.6; Bounding Box Length: 14.283936490384; Bounding Box Width: 11.4707226518014; Bounding Box Height: 2.08352348845068; Layer: 280-A Dachy Powłoki",Uniclass 2015,EF_30_20
01rQZTvw15RvGY16dC6fBl,IFCBEAM,B1,"B1 — Renovation Status: New; CCS - R1 (English version): Construction Elements - Functional Systems; Funkcja konstrukcyjna: Niezdefiniowana; Hotlink i ID elementu: B1; ID Elementu: B1; ID nadrzędne: B1; IFC ID ARCHICADa: 01rQZTvw15RvGY16dC6fBl; Kąt nachylenia: 0; Kąt nachylenia Belki: 0; Klasyfikacja ARCHICAD - 22: Belka; Materiał budowlany: ----PREFABRYKATY; Materiał budowlany / struktura warstwowa / profil / wypełnienie: ----PREFABRYKATY; Materiały budowlane (wszystkie): ----PREFABRYKATY; Nazwa kondygnacji macierzystej: Poziom +2; Nr kondygnacji macierzystej: 2; OmniClass - (OCCS): 21-03 10 Interior Construction; Położenie: Niezdefiniowane; Przekrój Belki: Prostokątna; Status przebudowy: Projektowane; Typ: Belka; Typ konstrukcji: Podstawowe; Uniclass 2015 - January 2022: EF_30 Roofs, floor and paving elements; Unikalne ID: 01D5A8DD-E7A0-456F-9422-0469CC1A92EF; Warstwa: 440-K Belki; Widoczność w etapach przebudowy: Pokaż we wszystkich powiązanych etapach przebudowy; Wykończenia (wszystkie): Farba - Jasna szarość; Wykończenie końców: Farba - Jasna szarość; Wykończenie lewej strony: Farba - Jasna szarość; Wykończenie prawej strony: Farba - Jasna szarość; Wykończenie spodu: Farba - Jasna szarość; Wykończenie wierzchu: Farba - Jasna szarość; Zablokowane: 0; Długość 3D: 11.9622565265; Długość z lewej: 11.9622565265; Długość z prawej: 11.9622565265; Liczba otworów: 0; Objętość netto: 0.89716923949; Objętość otworów: 0; Odsunięcie względem własnej kondygnacji: -0.3; Pomniejszona objętość: 0.89716923949; Powierzchnia: 2.99056413163; Powierzchnia góry: 2.99056413163; Powierzchnia krawędzi otworów: 0; Powierzchnia otworów: 0; Powierzchnia spodu: 2.99056413163; Powierzchnia zakończenia: 0.15; Przesunięcie: 0; Szerokość: 0.25; Wykończenie lewej strony: 3.58867695796; Wykończenie prawej strony: 3.58867695796; Wysokość: 0.3; Wzniesienie do zera projektu: 6.9; Wzniesienie nad poziom morza: 6.9; Wzniesienie względem kondygnacji elementu: -0.3; Wzniesienie względem: Drugi poziom odniesienia: 6.8; Wzniesienie względem: Pierwszy poziom odniesienia: 8.1; CrossSectionArea: 0.075; Depth: 0.3; GrossSurfaceArea: 13.3084821792; GrossVolume: 0.89716923949; Length: 11.9622565265; NetSurfaceAreaExtrudedSides: 13.1584821792; NetVolume: 0.89716923949; OuterSurfaceArea: 13.1584821792; TotalSurfaceArea: 13.3084821792; Width: 0.25; Ciężar: 0; Grubość otuliny: 0; Klasa betonu: -; Klasa drewna: -; Klasa stali: -; Technologia: -; Typ konstrukcji: -; Email: -; Osoba odpowiedzialna: -; Specjalność: -; Strona internetowa: -; Telefon: -; Klasa odporności ogniowej: -; FireRating: -; Reference: ----PREFABRYKATY 250 x 300; ConcreteCoverAtMainBars: 0; ConstructionType: -; FireRating: -; FireResistanceRating: -; ElementWeight: 0; Project: PROJEKT; Building: Budynek; Storey: Poziom +2; Top Elevation: 6.9; Bottom Elevation: 6.6; Global Top Elevation: 6.9; Global Bottom Elevation: 6.6; Has Own Geometry: 1; Children Have Geometry: 0; Global X: 0.25; Global Y: 2.03; Global Z: 6.6; Bounding Box Length: 11.9622565265; Bounding Box Width: 0.25; Bounding Box Height: 0.3; Layer: 440-K Belki",Uniclass 2015,EF_30
06njhvWIbET8dSE8y$eyqB,IFCRAILING,BL5,BL5 — Renovation Status: Existing; CCS - R1 (English version): [L]F?? Protecting component; Funkcja konstrukcyjna: Element nienośny; Hotlink i ID elementu: BL5; ID Elementu: BL5; ID nadrzędne: BL5; IFC ID ARCHICADa: 06njhvWIbET8dSE8y$eyqB; Klasyfikacja ARCHICAD - 22: Balustrada; Materiały budowlane (wszystkie): Stal nierdzewna; Szkło struktualne; Nazwa kondygnacji macierzystej: Poziom +3; Nr kondygnacji macierzystej: 3; Położenie: Wnętrze; Status przebudowy: Istniejące; Typ: Balustrada; Uniclass 2015 - January 2022: EF_25_55 Barriers; Unikalne ID: 06C6DAF9-8129-4E74-89DC-388F3FA3CD0B; Warstwa: 260-A Balustrady; Widoczność w etapach przebudowy: Pokaż we wszystkich powiązanych etapach przebudowy; Wykończenia (wszystkie): Metal - Stal nierdzewna; Szkło - Czyste Szybkie; Zablokowane: 0; Długość 3D: 20.1136615477; Długość linii odniesienia na rzucie: 20.1136615477; Liczba paneli: 21; Liczba poręczy: 3; Liczba profili górnych: 3; Liczba profili podłużnych: 0; Liczba profili poprzecznych: 0; Liczba słupków: 4; Liczba słupków pośrednich: 18; Objętość netto: 0.393866336357; Odsunięcie względem własnej kondygnacji: 0; Powierzchnia: 1.78617518937; Wysokość: 1.1; Wzniesienie do zera projektu: 10.5; Wzniesienie nad poziom morza: 10.5; Wzniesienie względem kondygnacji elementu: 0; Wzniesienie względem: Drugi poziom odniesienia: 10.4; Wzniesienie względem: Pierwszy poziom odniesienia: 11.7; GrossVolume: 0.393866336357; Length: 20.1136615477; NetVolume: 0.393866336357; Email: -; Osoba odpowiedzialna: -; Specjalność: -; Strona internetowa: -; Telefon: -; Klasyfikacja ogniowa: -; Palność: 0; IsCombustible: 0; IsExternal: 0; Project: PROJEKT; Building: Budynek; Storey: Poziom +3; Top Elevation: 11.6000000000037; Bottom Elevation: 10.5; Global Top Elevation: 11.6000000000037; Global Bottom Elevation: 10.5; Has Own Geometry: 0; Children Have Geometry: 1; Global X: 0.0283093095561995; Global Y: -1.17445649619; Global Z: 10.5; Bounding Box Length: 14.09733240714; Bounding Box Width: 3.15608869523; Bounding Box Height: 1.1000000000037,Uniclass 2015,EF_25_55
2PCnyP6NPEBhDTr6LLyNlc,IFCWALLSTANDARDCASE,Ściany : Ściana podstawowa : Ściana 24,Ściany : Ściana podstawowa : Ściana 24 — XDim: 10.75000000037; YDim: 0.24; cci_CFkod: B; cci_CFnumer: 09; cci_CFopis: Ściany; cci_CTkod: AD; cci_CTnumer: 09; cci_CTopis: System ścienny; cci_KodZlozony: [L]B09.AD09; Status: Nowy; FireRating: EI 60; Reference: Ściana 24; Reference: Ściana 24; Combustible: 0; Compartmentation: 1; ExtendToStructure: 0; FireRating: EI 60; IsExternal: 0; LoadBearing: 0; Reference: Ściana 24; Project: Budynek 9; Building: Budynek 9; Storey: Poziom 0; Top Elevation: 3.03000000000001; Bottom Elevation: -0.02; Global Top Elevation: 3.03000000000001; Global Bottom Elevation: -0.02; Has Own Geometry: 1; Children Have Geometry: 1; Global X: 59.709; Global Y: 440.58; Global Z: -0.02; Bounding Box Length: 10.75000000037; Bounding Box Width: 0.240000000000009; Bounding Box Height: 3.05000000000001,CCI,[L]AD
2PCnyP6NPEBhDTr6LLyNlc,IFCWALLSTANDARDCASE,Ściany : Ściana podstawowa : Ściana 24,Ściany : Ściana podstawowa : Ściana 24 — XDim: 10.75000000037; YDim: 0.24; cci_CFkod: B; cci_CFnumer: 09; cci_CFopis: Ściany; cci_CTkod: AD; cci_CTnumer: 09; cci_CTopis: System ścienny; cci_KodZlozony: [L]B09.AD09; Status: Nowy; FireRating: EI 60; Reference: Ściana 24; Reference: Ściana 24; Combustible: 0; Compartmentation: 1; ExtendToStructure: 0; FireRating: EI 60; IsExternal: 0; LoadBearing: 0; Reference: Ściana 24; Project: Budynek 9; Building: Budynek 9; Storey: Poziom 0; Top Elevation: 3.03000000000001; Bottom Elevation: -0.02; Global Top Elevation: 3.03000000000001; Global Bottom Elevation: -0.02; Has Own Geometry: 1; Children Have Geometry: 1; Global X: 59.709; Global Y: 440.58; Global Z: -0.02; Bounding Box Length: 10.75000000037; Bounding Box Width: 0.240000000000009; Bounding Box Height: 3.05000000000001,CCI,[L]B
1IDH6qz$5CXRCQhX08JFW5,IFCBEAM,Belka : Nadproże: przekrój 2xL19,Belka : Nadproże: przekrój 2xL19 — cci_COkod: ULE; cci_COnumer: 07; cci_COopis: Belka; cci_KodZlozony: [L]B09.AD09.ULE07; FireRating: REI 60; IsExternal: 0; LoadBearing: 1; Reference: przekrój 2xL19; Span: 1; Status: Nowy; FireRating: REI 60; Reference: przekrój 2xL19; Reference: przekrój 2xL19; Project: Budynek 9; Building: Budynek 9; Storey: Poziom 0; Top Elevation: 2.39000000000011; Bottom Elevation: 2.20000000000011; Global Top Elevation: 2.39000000000011; Global Bottom Elevation: 2.20000000000011; Has Own Geometry: 1; Children Have Geometry: 0; Global X: 60.509; Global Y: 440.58; Global Z: 2.20000000000011; Bounding Box Length: 1.2; Bounding Box Width: 0.240000000000009; Bounding Box Height: 0.189999999999998; Layer: S-BEAM-____-OTLN,CCI,[L]ULE
1_AeLI3Ej5seVggccHPkMZ,IFCDOOR,Drzwi : Drzwi wewnętrzne jednoskrzydłowe płaskie : 950 x 2175mm Lewe,Drzwi : Drzwi wewnętrzne jednoskrzydłowe płaskie : 950 x 2175mm Lewe — cci_COkod: QQC; cci_COnumer: 04; cci_COopis: Drzwi; cci_KodZlozony: [L]B09.AD09.QQC04; Status: Nowy; FireRating: EI 30; FireRating: EI 30; IsExternal: 0; Reference: 950 x 2175mm Lewe; SelfClosing: 1; SmokeStop: 1; Reference: 950 x 2175mm Lewe; Project: Budynek 9; Building: Budynek 9; Storey: Poziom 0; Top Elevation: 2.24635; Bottom Elevation: 0; Global Top Elevation: 2.24635; Global Bottom Elevation: 0; Has Own Geometry: 1; Children Have Geometry: 0; Global X: 60.56265; Global Y: 440.525; Global Z: 0; Bounding Box Length: 1.0927; Bounding Box Width: 0.315000000000964; Bounding Box Height: 2.24635; Layer: A-DOOR-____-OTLN,CCI,[L]QQC
